MovieName,DateRelease,Genre,Cast,DirectorName
Almost sometimes executive,7/3/2018,Fantasy,"Emma Stone, Zendaya, Tom Holland",Stephen Tran
Near west hold,6/14/2012,Sci-Fi,"Chris Evans, Dwayne Johnson, Tom Holland",Frank Yu
Every trip,6/8/1975,Fantasy,"Emily Blunt, Dwayne Johnson, Tom Holland",Jason Castaneda
Her method Congress far,10/9/2018,Romance,"Gal Gadot, Chris Evans, Dwayne Johnson",Samuel Silva
Three vote,10/8/1998,Romance,"Dwayne Johnson, Scarlett Johansson, Zendaya",Lauren James
Check line doctor strategy,5/25/1990,Horror,"Emma Stone, Dwayne Johnson, Gal Gadot",Debra Jenkins
Price already,5/9/2013,Thriller,"Chris Evans, Leonardo DiCaprio, Robert Downey Jr.",Cynthia Taylor
Student discussion,1/7/1982,Romance,"Dwayne Johnson, Chris Evans, Emily Blunt",Tanner Weaver
Pm reduce film,4/21/2017,Horror,"Scarlett Johansson, Gal Gadot, Dwayne Johnson",Tracy Thompson
Nothing pattern hair,5/9/1986,Thriller,"Leonardo DiCaprio, Chris Evans, Dwayne Johnson",Michael Smith
Yeah cup,4/1/2001,Comedy,"Zendaya, Scarlett Johansson, Chris Evans",Mrs. Robin Smith
Degree reason,7/4/1988,Horror,"Emma Stone, Zendaya, Scarlett Johansson",Eric Ryan
Stock marriage,10/25/2007,Romance,"Dwayne Johnson, Leonardo DiCaprio, Zendaya",Robert Fernandez
Decide series moment,10/15/2010,Sci-Fi,"Dwayne Johnson, Emma Stone, Zendaya",Sara Hughes
Onto investment,5/20/2012,Sci-Fi,"Leonardo DiCaprio, Chris Evans, Dwayne Johnson",Vincent Jensen
Rest history here,12/31/1984,Action,"Chris Evans, Tom Holland, Scarlett Johansson",Courtney Frank
Ten party catch onto,2/4/1998,Romance,"Chris Evans, Leonardo DiCaprio, Scarlett Johansson",April Thomas
Why apply,3/4/2016,Drama,"Emma Stone, Zendaya, Emily Blunt",Brett Bowen
Attorney able,1/22/1985,Horror,"Scarlett Johansson, Tom Holland, Emma Stone",Pamela Wheeler
Ask total,4/8/1991,Horror,"Scarlett Johansson, Chris Evans, Emma Stone",Kathy Newman
Conference probably reflect,11/2/1976,Action,"Zendaya, Chris Evans, Emily Blunt",Dr. Rachel Williams
Laugh behavior least,6/10/2013,Romance,"Gal Gadot, Zendaya, Scarlett Johansson",Jeffrey Gilmore
Police member none,7/13/2019,Sci-Fi,"Emily Blunt, Emma Stone, Zendaya",Timothy Davis
Believe require,10/15/2015,Horror,"Dwayne Johnson, Tom Holland, Gal Gadot",Leslie Marshall
Each entire,1/2/2017,Sci-Fi,"Emma Stone, Scarlett Johansson, Leonardo DiCaprio",James Greer
About inside,4/29/1995,Action,"Emma Stone, Zendaya, Leonardo DiCaprio",Kerri Williams
Already everyone son,12/10/2006,Drama,"Robert Downey Jr., Zendaya, Scarlett Johansson",Fred Herring
You avoid production,4/12/1999,Comedy,"Emily Blunt, Chris Evans, Leonardo DiCaprio",Thomas Dawson
Small serious,5/13/1992,Action,"Gal Gadot, Tom Holland, Dwayne Johnson",Corey Tyler
Great,11/2/1987,Drama,"Scarlett Johansson, Chris Evans, Tom Holland",Alex Bennett
School hundred myself,9/19/2019,Horror,"Chris Evans, Dwayne Johnson, Scarlett Johansson",Victor Levy
Mr direction radio,12/22/1997,Fantasy,"Scarlett Johansson, Emma Stone, Tom Holland",Amanda Barnes
Successful expert pretty,4/26/2011,Drama,"Emily Blunt, Emma Stone, Scarlett Johansson",Jeffrey Martin
Hear environmental war,1/6/1999,Comedy,"Dwayne Johnson, Robert Downey Jr., Chris Evans",Denise Butler
Mr certain,6/24/1981,Sci-Fi,"Gal Gadot, Zendaya, Tom Holland",Nicholas Clark
Doctor occur,8/5/2020,Drama,"Leonardo DiCaprio, Robert Downey Jr., Scarlett Johansson",Christopher Swanson
Enter,5/7/2002,Fantasy,"Scarlett Johansson, Gal Gadot, Robert Downey Jr.",Ronnie Cunningham
Change nature,1/14/1987,Fantasy,"Chris Evans, Gal Gadot, Robert Downey Jr.",Jessica Jackson
Think small theory,9/20/2022,Drama,"Scarlett Johansson, Leonardo DiCaprio, Emily Blunt",Jerry Simpson
A word,8/27/1988,Drama,"Gal Gadot, Chris Evans, Leonardo DiCaprio",Annette Middleton
Work,9/14/1993,Romance,"Leonardo DiCaprio, Emma Stone, Robert Downey Jr.",Timothy Rich
Hospital,11/16/2000,Fantasy,"Emma Stone, Chris Evans, Leonardo DiCaprio",Michael Allen
Candidate picture cell reduce,2/9/1976,Drama,"Dwayne Johnson, Emily Blunt, Robert Downey Jr.",Daniel Fritz
Affect recent care,2/6/2011,Thriller,"Robert Downey Jr., Emily Blunt, Gal Gadot",Tamara Anderson
Out anything peace,6/21/1984,Horror,"Tom Holland, Emily Blunt, Gal Gadot",Sarah Gamble
Hold end,8/20/2002,Comedy,"Scarlett Johansson, Leonardo DiCaprio, Robert Downey Jr.",Curtis Smith
Site station,1/3/1978,Action,"Emily Blunt, Leonardo DiCaprio, Tom Holland",Rachel Ashley
Choice value,3/16/1973,Comedy,"Robert Downey Jr., Gal Gadot, Scarlett Johansson",Beth Arroyo
Notice them try writer,9/13/2002,Thriller,"Emily Blunt, Robert Downey Jr., Emma Stone",Derrick Mcdonald
How letter,8/5/1982,Romance,"Tom Holland, Emma Stone, Chris Evans",Tina Barnett
Involve military board,6/3/1994,Horror,"Dwayne Johnson, Tom Holland, Scarlett Johansson",David Walker
Land age,12/14/1994,Fantasy,"Dwayne Johnson, Tom Holland, Emma Stone",Alyssa Davis
Event section,6/29/1996,Horror,"Tom Holland, Chris Evans, Leonardo DiCaprio",Dana Turner
Education fire turn few,6/14/1992,Action,"Tom Holland, Emma Stone, Gal Gadot",Maria Cox
Line international down,2/22/1973,Romance,"Zendaya, Leonardo DiCaprio, Emma Stone",Ashley Smith
Fast social,1/8/1976,Fantasy,"Zendaya, Dwayne Johnson, Chris Evans",Wyatt Williams
Form beyond,7/5/1976,Drama,"Scarlett Johansson, Zendaya, Robert Downey Jr.",George Farley
Final direction arm,4/26/2001,Drama,"Emily Blunt, Scarlett Johansson, Robert Downey Jr.",Tara Hernandez
Report kind listen,8/30/1983,Comedy,"Robert Downey Jr., Emma Stone, Dwayne Johnson",Aaron Adkins
Range sea director,4/26/2012,Sci-Fi,"Gal Gadot, Robert Downey Jr., Tom Holland",Brian Henderson
Join information,3/18/2014,Horror,"Emma Stone, Gal Gadot, Dwayne Johnson",Nicole Wilson
Ability,6/27/1975,Action,"Dwayne Johnson, Chris Evans, Emily Blunt",Karen Williams
Firm,12/16/1992,Romance,"Chris Evans, Emily Blunt, Scarlett Johansson",Michelle Chaney
Discover citizen energy,10/9/1998,Drama,"Zendaya, Chris Evans, Emily Blunt",Darren Bennett
School I you,6/14/2024,Horror,"Zendaya, Emily Blunt, Emma Stone",Thomas Hernandez
Result tough quickly,11/13/1986,Romance,"Robert Downey Jr., Zendaya, Tom Holland",Deborah Clark
Foot she,7/14/1983,Comedy,"Tom Holland, Leonardo DiCaprio, Dwayne Johnson",Kenneth Fisher
Trouble,12/25/2010,Drama,"Chris Evans, Scarlett Johansson, Emily Blunt",Matthew Harris
Simple my he,12/29/2012,Romance,"Zendaya, Leonardo DiCaprio, Robert Downey Jr.",Eric Brown
They begin,11/15/1987,Romance,"Emily Blunt, Emma Stone, Chris Evans",Ernest Bright
Community table time,9/29/1984,Comedy,"Emma Stone, Leonardo DiCaprio, Emily Blunt",Aaron Stone
Could task fall,1/20/1992,Action,"Chris Evans, Emma Stone, Gal Gadot",Frederick Ayers
Serve,8/15/2001,Horror,"Robert Downey Jr., Emma Stone, Emily Blunt",Melinda Floyd
Alone we toward grow,1/4/1988,Thriller,"Gal Gadot, Emma Stone, Scarlett Johansson",Gabriel Simpson
You success,10/9/1973,Sci-Fi,"Zendaya, Gal Gadot, Robert Downey Jr.",Mr. Christian Johnson
Key under,9/7/1999,Thriller,"Gal Gadot, Leonardo DiCaprio, Zendaya",Kayla Fowler
Smile technology morning,6/16/1985,Thriller,"Zendaya, Tom Holland, Emma Stone",Joanna Johnson
Growth opportunity,12/5/1975,Sci-Fi,"Chris Evans, Dwayne Johnson, Zendaya",Samuel Terry
Since half positive,8/27/1977,Horror,"Gal Gadot, Chris Evans, Emma Stone",Amanda Brown
Subject dark,12/13/2023,Romance,"Zendaya, Gal Gadot, Robert Downey Jr.",Curtis Brown
Push TV,12/8/2000,Drama,"Dwayne Johnson, Zendaya, Scarlett Johansson",Lori Huang
Safe push mind,4/27/2004,Sci-Fi,"Tom Holland, Robert Downey Jr., Leonardo DiCaprio",Thomas Foley
Partner step simple,9/21/2016,Thriller,"Chris Evans, Emily Blunt, Leonardo DiCaprio",Gina Chan
Bed various,1/24/1985,Romance,"Chris Evans, Dwayne Johnson, Tom Holland",Justin Murray
Involve treat western,9/10/1994,Thriller,"Gal Gadot, Chris Evans, Leonardo DiCaprio",Laura Johnson
Vote,8/17/2017,Sci-Fi,"Robert Downey Jr., Zendaya, Dwayne Johnson",Christopher Orozco
Include over,10/26/1986,Action,"Emma Stone, Scarlett Johansson, Chris Evans",Crystal Johnson
Job son hit,5/19/1985,Romance,"Leonardo DiCaprio, Robert Downey Jr., Emma Stone",Heather Hernandez
Likely know who reveal,5/3/1979,Sci-Fi,"Scarlett Johansson, Emily Blunt, Chris Evans",Susan Simmons
Focus finish employee,5/30/1990,Thriller,"Emily Blunt, Leonardo DiCaprio, Gal Gadot",Amber Randolph
Community season,2/24/2003,Drama,"Scarlett Johansson, Emily Blunt, Tom Holland",Karla Hawkins
Discussion most anything,9/1/2005,Romance,"Emily Blunt, Leonardo DiCaprio, Emma Stone",John Evans
Sometimes these,10/31/1993,Fantasy,"Dwayne Johnson, Emma Stone, Chris Evans",Kevin Jackson
Describe range every at,6/17/1972,Comedy,"Emma Stone, Tom Holland, Robert Downey Jr.",Rachel Vance
Generation practice continue,9/8/2016,Romance,"Dwayne Johnson, Gal Gadot, Tom Holland",Sabrina Hughes
Respond kind two,8/1/2012,Horror,"Emily Blunt, Zendaya, Dwayne Johnson",Grace Hodges
This military world,12/31/2018,Horror,"Tom Holland, Scarlett Johansson, Chris Evans",Catherine Thomas
Need company,12/4/2017,Horror,"Zendaya, Emily Blunt, Robert Downey Jr.",Frances Levine
Country player paper,10/6/1990,Sci-Fi,"Emma Stone, Gal Gadot, Tom Holland",Angel Perez
Trouble still,12/24/1976,Comedy,"Gal Gadot, Leonardo DiCaprio, Robert Downey Jr.",Sharon Butler
